Name, Link
1/N,https://kprofiles.com/1-n-members-profile/
24K+,https://kprofiles.com/24k-members-profile/
2AM,https://kprofiles.com/2am-members-profile/
2PM,https://kprofiles.com/2pm-members-profile/
2Z,https://kprofiles.com/2z-members-profile/
3RACHA,https://kprofiles.com/3racha-members-profile/
3WAY (WWW),https://kprofiles.com/3way-www-profile-and-facts/
5but,https://kprofiles.com/5but-members-profile/
5TION,https://kprofiles.com/5tion-profile-facts/
828,https://kprofiles.com/828-members-profile/
82MAJOR,https://kprofiles.com/82major-members-profile/
87dance,https://kprofiles.com/87dance-members-profile/
8TURN,https://kprofiles.com/8turn-members-profile/
9 and the Numbers,https://kprofiles.com/9-numbers-members-profile/
9001 (Ninety O One),https://kprofiles.com/ninetyoone/
ATBO,https://kprofiles.com/abo-members-profile-and-facts/
A.C.E,https://kprofiles.com/ace-kpop-boy-group-members-profile/
A.Cian,https://kprofiles.com/acian-members-profile/
A.M.P,https://kprofiles.com/a-m-p-members-profile/
AB6IX,https://kprofiles.com/ab6ix-members-profile/
ABLUE,https://kprofiles.com/ablue-members-profile/
About U,https://kprofiles.com/about-u-members-profile/
Achtung,https://kprofiles.com/achtung-members-profile/
AfterMoon,https://kprofiles.com/aftermoon-members-profile/
AIMERS,https://kprofiles.com/aimers-profile-and-facts/
Aliven,https://kprofiles.com/aliven-members-profile/
ALL(H)OURS,https://kprofiles.com/all-hours-members-profile/
ALLART BOYZ,https://kprofiles.com/allart-boyz-members-profile/
AlphaBAT,https://kprofiles.com/alphabat-members-profile-facts/
AMBITION,https://kprofiles.com/ambition-members-profile/
ambitious ambition,https://kprofiles.com/ambitious-ambition-members-profile/
AMPERS&ONE,https://kprofiles.com/ampersone-members-profile/
ANTARES,https://kprofiles.com/antares-members-profile/
Ants,https://kprofiles.com/ants-profile-facts/
APL,https://kprofiles.com/apl-members-profile/
AQA,https://kprofiles.com/aqa-members-profile/
ASC2NT,https://kprofiles.com/asc2nt-members-profile/
ASTRO,https://kprofiles.com/astro-members-profile/
ATEEZ,https://kprofiles.com/kq-fellaz-members-profile/
B1A4,https://kprofiles.com/b1a4-members-profile/
BADCUPID,https://kprofiles.com/badcupid-members-profile/
BAE173,https://kprofiles.com/mbk-boys-profile-facts/
Bami,https://kprofiles.com/bami-members-profile/
bandi,https://kprofiles.com/bandi-members-profile/
Band Nah,https://kprofiles.com/band-nah-members-profile-facts/
Bandage,https://kprofiles.com/bandage-members-profile/
BDC,https://kprofiles.com/bdc-member-profile-facts/
BeaverTown,https://kprofiles.com/beavertown-members-profile/
BenchWeLeo,https://kprofiles.com/benchweleo-profile-and-facts/
BF,https://kprofiles.com/boyfriend-members-profile/
BgA,https://kprofiles.com/bga-members-profile/
B.I.G,https://kprofiles.com/b-g-members-profile/
BIGBANG,https://kprofiles.com/big-bang-members-profile/
Bigflo,https://kprofiles.com/bigflo-members-profile/
Big O!cean,https://kprofiles.com/big-ocean-members-profile-facts/
Black A,https://kprofiles.com/black-a-members-profile/
Black Level,https://kprofiles.com/black-level-profile-and-facts/
BLITZERS,https://kprofiles.com/circle-members-profile/
Block B,https://kprofiles.com/block-b-members-profile/
Block B Bastarz,https://kprofiles.com/block-b-bastarz-profile/
BØJEONG,https://kprofiles.com/bojeong-members-profile/
BOYNEXTDOOR,https://kprofiles.com/boynextdoor-members-profile/
Brown Eyed Soul,https://kprofiles.com/brown-eyed-soul-members-profile/
BSS,https://kprofiles.com/bss-members-profile/
BTOB,https://kprofiles.com/btobs-members-profile/
BTOB 4U,https://kprofiles.com/btob-4u-btob-members-profile/
BTOB Blue,https://kprofiles.com/btob-blue-btob-members-profile/
BTS (Bangtan Boys),https://kprofiles.com/bts-bangtan-boys-members-profile/
Bursters,https://kprofiles.com/bursters-members-profile/
BUZZ,https://kprofiles.com/buzz-members-profile/
BXB,https://kprofiles.com/bxb-members-profile/
Bye my mood,https://kprofiles.com/bye-my-moody-members-profile/
BZ BOYS,https://kprofiles.com/bz-boys-profile-facts/
Catch The Young,https://kprofiles.com/catch-the-young-members-profile/
Cheek Touch Boys,https://kprofiles.com/cheek-touch-boys-member-profile-stray-kids-x-nct-dream-collab/
ChoCo,https://kprofiles.com/choco-members-profile/
Ciipher,https://kprofiles.com/ciipher-members-profile/
CIX,https://kprofiles.com/c9-boyz-members-profile/
Classmate,https://kprofiles.com/classmate-members-profile/
Click B,https://kprofiles.com/click-b-members-profile/
CLROCK (The Idol Band: Boy’s Battle),https://kprofiles.com/clrock-the-idol-band-boys-battle-members-profile-facts/
CMDM (Command The-M Boys),https://kprofiles.com/cmdm-command-the-m-boys-members-profile/
CNBLUE,https://kprofiles.com/cn-blue-members-profile/
CNEMA,https://kprofiles.com/cnema-members-profile/
Confined White,https://kprofiles.com/confined-white-members-profile/
Cotoba,https://kprofiles.com/cotoba-members-profile/
Crack Shot,https://kprofiles.com/crackshot-members-profile/
CRAVITY,https://kprofiles.com/starship-boys-members-profile/
creespy,https://kprofiles.com/creespy-members-profile/
CREZL,https://kprofiles.com/crezl-members-profile/
Cross Gene,https://kprofiles.com/cross-gene-members-profile/
Crying Nut,https://kprofiles.com/crying-nut-members-profile/
D-ONE,https://kprofiles.com/d-one-members-profile/
D82,https://kprofiles.com/d82-members-profile-facts/
Dance Racha,https://kprofiles.com/dance-racha-sub-unit-stray-kids-members-profile/
Dandelion,https://kprofiles.com/dandelion-members-profile/
Dasutt,https://kprofiles.com/dasutt-members-profile/
Day6,https://kprofiles.com/day6-profile/
Day6 (Even of Day),https://kprofiles.com/even-day-members-profile/
DAYCHILD,https://kprofiles.com/daychild-members-profile-facts/
Dayangsung,https://kprofiles.com/dayangsung-members-profile/
Daybreak,https://kprofiles.com/daybreak-members-profile/
Daydream,https://kprofiles.com/daydream-2022-group-members-profile/
Daltamsa,https://kprofiles.com/daltamsa-members-profile/
Danggisio,https://kprofiles.com/danggisio-members-profile/
DICKPUNKS,https://kprofiles.com/dickpunks-members-profile/
DIGNITY,https://kprofiles.com/dignity-members-profile-facts/
DIOS,https://kprofiles.com/dios-members-profile/
DKB,https://kprofiles.com/dkb-profile-facts/
DKZ,https://kprofiles.com/dkz-members-profiles-facts/
DMTN,https://kprofiles.com/dmtn-members-profile/
Dreamer,https://kprofiles.com/dreamer-members-profile/
DRIPPIN,https://kprofiles.com/drippin-members-profile/
Dustin,https://kprofiles.com/dustin-members-profile/
DV.OL,https://kprofiles.com/dv-ol-members-profile/
DXMON,https://kprofiles.com/dxmon-members-profile/
E’LAST,https://kprofiles.com/eboyz-members-profile/
E’LAST U,https://kprofiles.com/elast-u-members-profile/
EASTSHINE,https://kprofiles.com/east-shine-members-profile/
EASTONE,https://kprofiles.com/eastone-members-profile/
Eighteen April,https://kprofiles.com/eighteen-april-members-profile/
End These Days,https://kprofiles.com/end-these-days-members-profile/
ENHYPEN,https://kprofiles.com/enhypen-profile-facts/
EPEX,https://kprofiles.com/epex-members-profile/
Epik High,https://kprofiles.com/epik-high-profile-facts/
EVNNE,https://kprofiles.com/evnne-members-profile
EXO,https://kprofiles.com/exo-members-profile/
EXO-CBX,https://kprofiles.com/exo-cbx-members-profile/
EXO Main Vocal Line,https://kprofiles.com/exo-main-vocal-line-exo-unit/
F’Club,https://kprofiles.com/fclub-members-profile/
FABLE,https://kprofiles.com/fable-profile-facts/
Fallanc,https://kprofiles.com/fallanc-members-profile/
FANTASY BOYS,https://kprofiles.com/fantasy-boys-members-profile/
F.CUZ,https://kprofiles.com/f-cuz-members-profile/
FISTBUMP,https://kprofiles.com/fistbump-members-profile/
Fl1x,https://kprofiles.com/fl1x-profile-and-facts/
FLAG,https://kprofiles.com/flag-members-profile/
FT Island,https://kprofiles.com/ft-island-members-profile/
Fool in the Pool,https://kprofiles.com/fool-pool-members-profile/
Forestella,https://kprofiles.com/forestella-members-profile/
FREE PASS,https://kprofiles.com/free-pass-members-profile/
G-MOST,https://kprofiles.com/gmost-members-profile/
GHOST9,https://kprofiles.com/maroo-boys-members-profile/
GIFT,https://kprofiles.com/gift-members-profile/
g.o.d,https://kprofiles.com/g-o-d-members-profile/
Glu,https://kprofiles.com/glu-members-profile/
Golden Child,https://kprofiles.com/golden-child-members-profile/
GOMAK BOYS,https://kprofiles.com/gomak-boys-members-profile-facts/
Goodbye,https://kprofiles.com/goodbye-the-boyz-unit-profile/
GOT7,https://kprofiles.com/got7-members-profile/
GreatGuys,https://kprofiles.com/great-guys-members-profile/
Ggumnamu (WM Boys),https://kprofiles.com/ggumnamu-wm-boys-trainee-profile/
Guckkasten,https://kprofiles.com/guckkasten-members-profile/
H Boyz,https://kprofiles.com/h-boys-members-profile/
HAWW,https://kprofiles.com/haww-members-profile/
HEARTSTEEL,https://kprofiles.com/heartsteel-members-profile-and-facts/
HERD,https://kprofiles.com/herd-members-profile/
Hey Men,https://kprofiles.com/hey-men-members-profile/
Hi-Fi Un!corn,https://kprofiles.com/hi-fi-uncorn-the-idol-band-boys-battle-members-profile-facts/
HID&GEM,https://kprofiles.com/hidgem-members-profile/
HIDDEN FOLDER,https://kprofiles.com/hidden-folder-members-profile/
Highlight,https://kprofiles.com/highlight-members-profile/
HippoPotamic,https://kprofiles.com/hippopotamic-members-profile/
HOA,https://kprofiles.com/hoa-members-profile/
Hoppipolla,https://kprofiles.com/hoppipolla-members-profile/
HORI7ON,https://kprofiles.com/hori7on-members-profile-and-facts/
HÜ,https://kprofiles.com/hu-members-profile/
Hyukoh,https://kprofiles.com/hyukoh-members-profile/
I1IT,https://kprofiles.com/i1it-members-profile/
IB147,https://kprofiles.com/ib147-members-profile/
iKON,https://kprofiles.com/ikon-members-profile/
IDIOTAPE,https://kprofiles.com/idiotape-members-profile/
iNKODE BOYZ,https://kprofiles.com/inkode-boyz-members-profile/
INPHASE,https://kprofiles.com/inphase-members-profile/
INFINITE,https://kprofiles.com/infinite-profile/
INFINITE F,https://kprofiles.com/infinite-f-members-profile/
IT’s You Unit (ATEEZ),https://kprofiles.com/its-you-unit-ateez-members-profile/
IZ,https://kprofiles.com/iz-members-profile/
JaeHyun’s,https://kprofiles.com/jaehyuns-member-profile/
Jang Deokcheol,https://kprofiles.com/jang-deokcheol-members-profile/
Jelly-i Male Trainees,https://kprofiles.com/jelly-i-male-trainees-profile/
JJCC,https://kprofiles.com/jjcc-members-profile/
Just B,https://kprofiles.com/just-b-members-profile/
JWiiver,https://kprofiles.com/jwiiver-profile-facts/
JYJ,https://kprofiles.com/jyj-profile/
JYP Loud,https://kprofiles.com/jyp-loud-members-profile/
K-POP BOYS PROJECT Produced by Eunhyuk,https://kprofiles.com/k-pop-boys-project-produced-by-eunhyuk-members-profile/
Kim Daham Trio,https://kprofiles.com/kim-daham-trio-members-profile/
Kingdom,https://kprofiles.com/kingdom-profile-facts/
Kisnue,https://kprofiles.com/kisnue-members-profile/
KNK,https://kprofiles.com/knk-member-profiles/
KOKOON,https://kprofiles.com/kokoon-members-profile/
krr,https://kprofiles.com/krr-members-profile/
Lacuna,https://kprofiles.com/lacuna-members-profile/
Lanalogue,https://kprofiles.com/lanalogue-profile-facts/
LA POEM,https://kprofiles.com/la-poem-members-profile/
LETTEAMOR,https://kprofiles.com/letteamor-members-profile/
Like A Movie,https://kprofiles.com/like-movie-members-profile/
Limitless,https://kprofiles.com/limitless-member-profile/
Lionesses,https://kprofiles.com/lionesses-profile-and-facts/
Lose My Memory,https://kprofiles.com/lose-memory-members-profile/
Loude,https://kprofiles.com/loude-members-profile/
LST,https://kprofiles.com/lst-members-profile/
LU:KUS,https://kprofiles.com/lukus-members-profile-facts/
LUCY,https://kprofiles.com/band-lucy-profile-facts/
LUAMEL,https://kprofiles.com/luamel-members-profile/
LUMINOUS,https://kprofiles.com/ds-boys-profile-facts/
LUN8,https://kprofiles.com/lun8-members-profile/
LUN8wave,https://kprofiles.com/lun8wave-members-profile/
Luna,https://kprofiles.com/luna-members-profile-2/
Lunch,https://kprofiles.com/lunch-members-profile/
MAGICAL,https://kprofiles.com/magical-members-profile-and-facts/
Make Mate One FINAL LINEUP,https://kprofiles.com/make-mate-one-final-lineup-members-profile/
MAP6,https://kprofiles.com/map6-profile/
MAXIMUM,https://kprofiles.com/maximum-members-profile/
MCND,https://kprofiles.com/mcnd-member-profile-facts/
M.C the Max,https://kprofiles.com/m-c-max-members-profile/
Megamax,https://kprofiles.com/megamax-members-profile/
Miichi,https://kprofiles.com/miichi-members-profile/
MIRAE,https://kprofiles.com/dsp-n-members-profile/
Mnet ‘Build Up’ FINAL LINEUP,https://kprofiles.com/mnet-build-up-final-lineup-members-profile/
MODHAUS BOYZ,https://kprofiles.com/modhaus-boyz-members/
Monday Off With Bluesy,https://kprofiles.com/monday-off-with-bluesy-members-profile/
Monkey Shoulder,https://kprofiles.com/monkeyshoulder/
MONSTA X,https://kprofiles.com/monsta-x-members-profile/
M.O.N.T Arena,https://kprofiles.com/mont-arena-members-profile/
M.O.N.T Original,https://kprofiles.com/m-o-n-t-members-profile/
MOONBOY,https://kprofiles.com/moonboy-members-profile/
M.Pire,https://kprofiles.com/m-pire-members-profile/
Mr. T,https://kprofiles.com/mister-t-members-profile/
MSG Wannabe,https://kprofiles.com/msg-wannabe-members-profile/
MUL,https://kprofiles.com/mul-members-profile-facts/
MUZIGAE,https://kprofiles.com/muzigae-members-profile/
MVP,https://kprofiles.com/mvp-members-profile/
MYBOYZ,https://kprofiles.com/myboyz-members-profile/
MYNAME,https://kprofiles.com/myname-members-profile/
MYORI,https://kprofiles.com/myori-members-profile/
N.Flying,https://kprofiles.com/n-flying-members-profile/
n.SSign,https://kprofiles.com/nssign-members-profile/
N.TIC,https://kprofiles.com/n-tic-new-trend-icon-members-profile/
NCHIVE,https://kprofiles.com/nchive-members-profile/
NCT,https://kprofiles.com/nct-members-profile/
NCT 127,https://kprofiles.com/nct-127-members-profile/
NCT Dream,https://kprofiles.com/nct-dream-members-profile/
NCT DOJAEJUNG,https://kprofiles.com/nct-dojaejung-members-profile/
NCT U,https://kprofiles.com/nct-u-members-profile/
NCT U (The 7th Sense Unit),https://kprofiles.com/the-7th-sense-unit-nct/
NCT WISH,https://kprofiles.com/nct-wish-members-profile/
NCUS,https://kprofiles.com/ncus-members-profile-facts/
NELL,https://kprofiles.com/nell-members-profile/
New.B,https://kprofiles.com/new-b-members-profile/
Newand.B,https://kprofiles.com/new-b-members-profile/
Nerd Connection,https://kprofiles.com/nerd-connection-members-profile/
NEUL,https://kprofiles.com/neul-members-profile/
Newb,https://kprofiles.com/newb-members-profile/
New Kidd,https://kprofiles.com/new-kidd-members-profile/
New Town Boyz,https://kprofiles.com/new-town-boyz-profile-facts/
NINE.i,https://kprofiles.com/nine-i-members-profile/
Noel,https://kprofiles.com/noel-band-members-profile/
NOIR,https://kprofiles.com/noir-members-profile/
Nokdu Team,https://kprofiles.com/nokdu-team-members-profile/
NOMAD,https://kprofiles.com/nomad-members-profile/
N.O.M (Nature of Man),https://kprofiles.com/n-o-m-members-profile/
NOWADAYS,https://kprofiles.com/cube-boys-members-profile/
NTX,https://kprofiles.com/nt9-members-profile/
NUCLEAR IDIOTS,https://kprofiles.com/nuclear-idiots-members-profile/
NXD,https://kprofiles.com/nxd-members-profile/
OFF Team,https://kprofiles.com/off-team-onf-sub-unit-profile/
off the menu,https://kprofiles.com/off-the-menu-members-profile/
OMEGA X,https://kprofiles.com/omega-x-members-profile/
ON AiR,https://kprofiles.com/air-members-profile/
ON Team,https://kprofiles.com/team-onf-sub-unit-profile/
ONE TOP,https://kprofiles.com/one-top-members-profile/
ONEUS,https://kprofiles.com/oneus-profile/
ONEWE,https://kprofiles.com/onewe-members-profile/
ONE PACT,https://kprofiles.com/one-pact-members-profile-facts/
ONF,https://kprofiles.com/onf-members-profile/
OnlyOneOf,https://kprofiles.com/onlyoneof-profile/
O.O.O,https://kprofiles.com/o-o-o-members-profile/
Owalloil,https://kprofiles.com/owalloil-members-profile-facts/
P1Harmony,https://kprofiles.com/p1harmony-profile-facts/
PARTYAFTERSIX (The Idol Band: Boy’s Battle),https://kprofiles.com/partyaftersixthe-idol-band-boys-battle-members-profile-facts/
Pattern,https://kprofiles.com/pattern-members-profile/
PATZ,https://kprofiles.com/patz-members-profile-facts/
PENTAGON,https://kprofiles.com/pentagon-members-profile/
PICKUS,https://kprofiles.com/pickus-members-profile/
PLAN B,https://kprofiles.com/plan-b-members-profile/
PLAVE,https://kprofiles.com/plave-members-profile/
Position,https://kprofiles.com/position-profile-and-facts/
PossibleDong Band/GaneungDong Band,https://kprofiles.com/possibledong-band-ganeungdong-band-members-profile/
POW,https://kprofiles.com/pow-members-profile/
Previous,https://kprofiles.com/previous-members-profile/
Prize (프라이즈),https://kprofiles.com/prize-%ed%94%84%eb%9d%bc%ec%9d%b4%ec%a6%88-members-profile-and-facts/
RabidAnce,https://kprofiles.com/rabidance-members-profile/
Rat In The Trap (The Boyz Special Unit Profile),https://kprofiles.com/rat-in-the-trap-the-boyz-special-unit-profile/
RBZ,https://kprofiles.com/rbz-members-profile/
Re:Kids Dream,https://kprofiles.com/rekids-dream-members-profile/
Re:Kids Glory,https://kprofiles.com/rekids-glory-members-profile/
Re:Kids Hero,https://kprofiles.com/rekids-hero-members-profile/
REWIND,https://kprofiles.com/rewind-members-profile/
Rhythm Power,https://kprofiles.com/rhythm-power-members-profile/ target=
RIIZE,https://kprofiles.com/riize-members-profile-and-facts/
RoaD-B,https://kprofiles.com/roadb-members-profile/
Romeo,https://kprofiles.com/romeo-members-profile/
rooftop patio,https://kprofiles.com/rooftop-patio-members-profile/
Royal Rirates,https://kprofiles.com/royal-pirates-members-profile/
SANGJARU,https://kprofiles.com/sangjaru-members-profile/
Sechskies,https://kprofiles.com/sechs-kies-members-profile/
SEMA,https://kprofiles.com/sema-members-profile/
SEVENHOURS,https://kprofiles.com/sevenhours-members-profile/
SEVENTEEN,https://kprofiles.com/seventeen-members-profile/
Hip-Hop Team,https://kprofiles.com/hip-hop-team-seventeen-profile/
Vocal Team,https://kprofiles.com/vocal-team-seventeen-profile/
Performance Team,https://kprofiles.com/performance-team-seventeen-profile/
SF9,https://kprofiles.com/sf9-members-profile/
SG Wannabe,https://kprofiles.com/sg-wannabe-members-profile/
SHAX,https://kprofiles.com/shax-members-profile/
SHINee,https://kprofiles.com/shinee-members-profile/
Shinhwa,https://kprofiles.com/shinhwa-members-profile/
SILICA GEL,https://kprofiles.com/silica-gel-members-profile/
SIGMA,https://kprofiles.com/sigma-members-profile/
SIDECAR,https://kprofiles.com/sidecar-members-profile/
SKYE,https://kprofiles.com/in2it-members-profile/
SMNBG,https://kprofiles.com/smnbg-members-profile/
SoonSoonHee,https://kprofiles.com/soonsoonhee-members-profile/
SORAN,https://kprofiles.com/soran-members-profile/
South Club,https://kprofiles.com/south-club-members-profile/
SS501,https://kprofiles.com/ss501-members-profile/
Standing Egg,https://kprofiles.com/standing-egg-members-profile/
Stray Kids,https://kprofiles.com/stray-kids-members-profile/
Sultan of the Disco,https://kprofiles.com/sultan-disco-members-profile/
Super Five,https://kprofiles.com/super-five-members-profile/
SUPER JUNIOR,https://kprofiles.com/super-junior-profile/
SUPER JUNIOR-H,https://kprofiles.com/super-junior-h-members-profile/
SUPER JUNIOR-K.R.Y.,https://kprofiles.com/super-junior-k-r-y-members-profile/
SUPER JUNIOR-L.S.S.,https://kprofiles.com/super-junior-l-s-s-members-profile/
SUPER JUNIOR-T,https://kprofiles.com/super-junior-t-members-profile/
Super Kids,https://kprofiles.com/super-kids-member-profile/
SUPERKIND,https://kprofiles.com/deep-studio-entertainment-boy-group-profile/
SuperM,https://kprofiles.com/super-m-profile-facts/
SUPRISE U,https://kprofiles.com/surprise-u-profile-and-facts/
SVT Leaders,https://kprofiles.com/svt-leaders-member-profile-facts/
Sweaters,https://kprofiles.com/sweaters-members-profile/
T5 (TREASURE),https://kprofiles.com/t5-treasure-members-profile/
TAN,https://kprofiles.com/t-a-n-facts-profile/
TARGET,https://kprofiles.com/target-members-profile/
TEEN TOP,https://kprofiles.com/teen-top-members-profile/
tell a tale,https://kprofiles.com/tell-a-tale-members-profile/
TENOCLK,https://kprofiles.com/tenoclk-members-profile/
TEMPEST,https://kprofiles.com/tempest-members-profile/
THE7 (THE SEVEN),https://kprofiles.com/the7-the-seven-members-profile/
The Boss (DGNA),https://kprofiles.com/boss-dgna-members-profile/
THE BOYZ,https://kprofiles.com/boyz-members-profile/
The Credit,https://kprofiles.com/the-credit-members-profile/
The King,https://kprofiles.com/king-members-profile/
The Man BLK,https://kprofiles.com/man-blk-members-profile/
THE MIDNIGHT ROMANCE,https://kprofiles.com/midnight-romance-members-profile/
THE NEW SIX (TNX),https://kprofiles.com/tnx-members-profile/
The Poles,https://kprofiles.com/the-poles-members-profile/
The Real Hype Boys,https://kprofiles.com/the-real-hype-boys-members-profile/
The Rose,https://kprofiles.com/rose-members-profile/
The Solutions,https://kprofiles.com/solutions-members-profile/
The T-Bird,https://kprofiles.com/the-t-bird-members-profile/
The Vipers,https://kprofiles.com/vipers-members-profile/
The Vish,https://kprofiles.com/the-vish-profile-and-facts/
The Whales,https://kprofiles.com/the-whales-members-profile/
The Wind,https://kprofiles.com/the-wind-members-profile/
THORNAPPLE,https://kprofiles.com/thornapple-members-profile/
TILDE,https://kprofiles.com/tilde-members-profile/
TimeZ,https://kprofiles.com/timez-members-profile-2/
TIOT,https://kprofiles.com/tiot-members-profile/
TREASURE,https://kprofiles.com/treasure13-members-profile/
TRENDZ,https://kprofiles.com/trendz-profile-and-facts/
Triger,https://kprofiles.com/triger-profile-and-facts/
Tritops,https://kprofiles.com/tritops-members-profile/
TRY,https://kprofiles.com/try-members-profile/
TST,https://kprofiles.com/topsecret-members-profile/
Turbo,https://kprofiles.com/turbo-members-profile/
TVXQ!,https://kprofiles.com/tvxq-members-profile/
TWS,https://kprofiles.com/tws-members-profile/
TXT,https://kprofiles.com/txt-member-profile-facts/
U-Kiss,https://kprofiles.com/u-kiss-members-profile/
UNIQ,https://kprofiles.com/uniq-members-profile/
Universe League (2024) FINAL LINEUP,https://kprofiles.com/universe-league-2024-final-lineup-members-profile/
UNVS,https://kprofiles.com/unvs-profile-facts/
UP10TION,https://kprofiles.com/up10tion-members-profile/
UpStar,https://kprofiles.com/upstar-members-profile/
Ursa Major,https://kprofiles.com/ursa-major-members-profile-facts/
VALO,https://kprofiles.com/valo-team-members-profile/
Vanillare,https://kprofiles.com/vanillare-members-profile/
VANNER,https://kprofiles.com/vanner-profile-facts/
VAV,https://kprofiles.com/vav-members-profile/
VERIVERY,https://kprofiles.com/verivery-members-profile/
VI’ENX,https://kprofiles.com/vienx-members-profile/
VICTON,https://kprofiles.com/victon-members-profile/
Viral Affair,https://kprofiles.com/viral-affair-members-profile/
VISION,https://kprofiles.com/vision-members-profile-and-facts/
VIXX,https://kprofiles.com/vixx-profile/
Vocal Racha,https://kprofiles.com/vocal-racha-sub-unit-stray-kids-members-profile/
Volkno,https://kprofiles.com/volkno-treasure-members-profile/
V.O.S,https://kprofiles.com/v-o-s-members-profile/
Vromance,https://kprofiles.com/vromance-members-profile/
VVS,https://kprofiles.com/vvs-members-profile/
W24,https://kprofiles.com/w24-members-profile/
WAKEONE Trainee,https://kprofiles.com/wakeone-trainee-members-profile/
Waker,https://kprofiles.com/waker-members-profile/
Wave To Earth,https://kprofiles.com/wave-to-earth-members-profile/
We Are The Night,https://kprofiles.com/night-members-profile/
WE:A,https://kprofiles.com/wea-members-profile-facts/
WEi,https://kprofiles.com/wei-members-profile/
WeNU,https://kprofiles.com/wenu-members-profile-facts/
WETTER,https://kprofiles.com/wetter-members-profile/
We Us,https://kprofiles.com/weus-members-profile/
WEUS,https://kprofiles.com/weus-members-profile-facts/
WHIB,https://kprofiles.com/whib-members-profile/
WINNER,https://kprofiles.com/winner-members-profile/
Withus,https://kprofiles.com/withus-members-profile/
WOW,https://kprofiles.com/wow-members-profile/
woogotsa,https://kprofiles.com/woogotsa-members-profile/
X-BOYS,https://kprofiles.com/x-boys-members-profile/
Xdinary Heroes,https://kprofiles.com/xdinary-heroes-profile-and-facts/
XEED,https://kprofiles.com/xeed-members-profile/
XENEX,https://kprofiles.com/xenex-members-profile/
Xikers,https://kprofiles.com/xikers-members-profile/
XODIAC,https://kprofiles.com/xodiac-members-profile
XST,https://kprofiles.com/mfect-members-profile/
Y&W,https://kprofiles.com/yw-members-profile/
YDPP,https://kprofiles.com/ydpp-members-profile/
YGNBG (YG New Boy Group),https://kprofiles.com/ygnbg-yg-new-boy-group-members-profile/
Yo:zum,https://kprofiles.com/yozum-members-profile/
YOUNITE,https://kprofiles.com/younite-members-profile/
ZB1 (ZEROBASEONE),https://kprofiles.com/zerobaseone-members-profile/
ZE:A,https://kprofiles.com/zea-members-profile/
