+(KR)ystal Eyes,https://kprofiles.com/krystal-eyes-members-profile-facts/
3YE,https://kprofiles.com/3ye-profile-facts/
4CARAT,https://kprofiles.com/4carat-members-profile/
A-plus,https://kprofiles.com/a-plus-2023-group-members-profile/
Acid Angel from Asia (AAA),https://kprofiles.com/acid-angel-from-asia-aaa-members-profile-facts/
ACID EYES,https://kprofiles.com/acid-eyes-triples-members-profile/
ADYA,https://kprofiles.com/adya-members-profile/
aespa,https://kprofiles.com/aespa-profile/
Aesther,https://kprofiles.com/aesther-members-profile/
A-FEEL,https://kprofiles.com/a-feel-members-profile/
AIKOME,https://kprofiles.com/aikome-members-profile/
ALICE,https://kprofiles.com/elris-members-profile/
AOA,https://kprofiles.com/aoa-members-profile/
ANGEVIL,https://kprofiles.com/angevil-members-profile/
Apink,https://kprofiles.com/a-pink-members-profile/
Apink JooJiRong,https://kprofiles.com/apink-joojirong-apink-members-profile/
Apink Y.O.S,https://kprofiles.com/apink-y-o-s-apink-members-profile/
AR3NA,https://kprofiles.com/ar3na-members-profile/
Aria,https://kprofiles.com/aria-triples-members-profile/
ARTBEAT v,https://kprofiles.com/artbeat-members-profile/
ARTMS,https://kprofiles.com/artms-members-profile/
Asome.D,https://kprofiles.com/asome-d-profile-facts/
ATTI,https://kprofiles.com/atti-members-profile/
ATTRAKT GIRLZ,https://kprofiles.com/attrakt-girlz-members-profile/
AZER,https://kprofiles.com/azer-members-profile/
B-OURS,https://kprofiles.com/b-ours-members-profile/
BABYMONSTER,https://kprofiles.com/babymonster-members-profile/
BADKIZ,https://kprofiles.com/hot-place-member-profile/
BBGIRLS,https://kprofiles.com/bbgirls-members-profile/
Beatmedia Entertainment Trainee Girls,https://kprofiles.com/beatmedia-entertainment-trainee-girls/
Beauty Box,https://kprofiles.com/beauty-box-members-profile/
BEWAVE,https://kprofiles.com/bewave-members-profile/
Big Mama,https://kprofiles.com/big-mama-members-profile/
Billlie,https://kprofiles.com/mystic-story-girls-profile-facts/
BinChaenHyunSuS,https://kprofiles.com/binchaenhyunseus-members-profile/
BLACKPINK,https://kprofiles.com/black-pink-members-profile/
Black Swan,https://kprofiles.com/black-swan-members-profile/
Blade Music Girls (Blade Music New Girl Group),https://kprofiles.com/blade-music-girls-blade-music-new-girl-group-profile-and-facts/
Blossom,https://kprofiles.com/blossom-members-profile/
Bluewish,https://kprofiles.com/bluewish-members-profile/
Bright Day,https://kprofiles.com/bright-day-members-profile/
Brown Eyed Girls,https://kprofiles.com/brown-eyed-girls-profile/
Bunny.T,https://kprofiles.com/bunny-t-members-profile/
Burvey,https://kprofiles.com/burvey-members-profile/
Busters,https://kprofiles.com/busters-members-profile/
CAMPUSGIRLS,https://kprofiles.com/campusgirls-members-profile/
Candy Shop,https://kprofiles.com/candy-shop-members-profile/
Celeb Five,https://kprofiles.com/celeb-five-members-profile/
Charari Danchu,https://kprofiles.com/charari-danchu-members-profile/
Cherish,https://kprofiles.com/cherish-members-profile-facts/
Cherry Bomb,https://kprofiles.com/cherry-bomb-members-profile/
Cherry Bullet,https://kprofiles.com/cherry-bullet-profile/
Chic & Idle,https://kprofiles.com/chic-idle-members-profile/
Chic Angel,https://kprofiles.com/chic-angel-members-profile/
Choco2,https://kprofiles.com/choco2-members-profile/
Chocofive,https://kprofiles.com/chocofive-members-profile/
Chumchurum,https://kprofiles.com/chumchurum-members-profile/
CIGNATURE,https://kprofiles.com/cignature-profile-facts/
CLASS:y,https://kprofiles.com/classy-my-teenage-girl-member-profile/
CLC,https://kprofiles.com/clc-members-profile/
Clear:I,https://kprofiles.com/cleari-members-profile/
CLOCK,https://kprofiles.com/clock-members-profile/
Coco Mademoiselle,https://kprofiles.com/coco-mademoiselle-dance-team-members-profile/
CooKie,https://kprofiles.com/cookie-members-profile/
Cosmic Girls,https://kprofiles.com/cosmic-girls-wjsn-profile/
Cosmic Girls ενύπνιον (The Dreamer),https://kprofiles.com/cosmic-girls-%ce%b5%ce%bd%cf%8d%cf%80%ce%bd%ce%b9%ce%bf%ce%bdthe-dreamer-members-profile-facts/
Cosmic Girls αγυρτης (The Imposter),https://kprofiles.com/cosmic-girls-%ce%b1%ce%b3%cf%85%cf%81%cf%84%ce%b7%cf%82the-imposter-members-profile-facts/
CRAXY,https://kprofiles.com/craxy-members-profile/
Crescendo,https://kprofiles.com/crescendo-members-profile/
CSR,https://kprofiles.com/csr-members-profile/
CSVC,https://kprofiles.com/csvc-members-profile/
Dal★Shabet,https://kprofiles.com/dal-shabet-members-profile/
Denpamaru!,https://kprofiles.com/denpamaru-members-profile/
DESTINY,https://kprofiles.com/destiny-members-profile-facts/
DG Girls,https://kprofiles.com/dg-girls-members-profile/
DIA,https://kprofiles.com/dia-members-profile/
DIAWINGS,https://kprofiles.com/diawings-members-profile/
DIH,https://kprofiles.com/dih-members-profile/
Donguri? Nikkori!,https://kprofiles.com/donguri-nikkori-members-profile/
Dream Carrier Φορεύς,https://kprofiles.com/dream-carrier-%cf%86%ce%bf%cf%81%ce%b5%cf%8d%cf%82-wjsn-members-profile/
Dreamcatcher,https://kprofiles.com/dreamcatcher-members-profile/
Dream i One,https://kprofiles.com/dream-i-one-members-profile/
Dreamnote,https://kprofiles.com/dreamnote-members-profile/
DREAM SWEET,https://kprofiles.com/dream-sweet-members-profile/
D.S.tar,https://kprofiles.com/d-s-tar-members-profile/
E:LFIN,https://kprofiles.com/elfin-members-profile/
Eco-Angels,https://kprofiles.com/eco-angels-members-profile/
eite,https://kprofiles.com/eite-members-profile/
EL7Z UP,https://kprofiles.com/el7z-up-members-profile/
Episode,https://kprofiles.com/episode-members-profile/
EVERGLOW,https://kprofiles.com/everglow-members-profile/
EVOLution,https://kprofiles.com/evolution-members-profile/
EXID,https://kprofiles.com/exid-members-profile/
Eunoai,https://kprofiles.com/eunoai-members-profile/
Fanatics,https://kprofiles.com/fanatics-members-profile/
Favorite,https://kprofiles.com/favorite-members-profile/
Feverse,https://kprofiles.com/feverse-members-profile/
FERRY BLUE,https://kprofiles.com/ferry-blue-members-profile/
FIFTY FIFTY,https://kprofiles.com/fifty-fifty-members-profile/
fishingirls,https://kprofiles.com/fishingirls-members-profile/
Flavor,https://kprofiles.com/flavor-members-profile/
FLORIA,https://kprofiles.com/dk-girls-members-profile/
Flow Sister,https://kprofiles.com/flow-sister-members-profile/
FLUSH,https://kprofiles.com/flush-members-profile/
Fly With Me,https://kprofiles.com/flywithme-members-profile/
Free In Sass,https://kprofiles.com/free-in-sass-members-profile/
fromis_9,https://kprofiles.com/fromis_9-members-profile/
Gavy NJ,https://kprofiles.com/gavy-nj-members-profile/
(G)I-DLE,https://kprofiles.com/idle-profile-facts/
Geenius,https://kprofiles.com/geenius-members-profile/
GIRL CRUSH,https://kprofiles.com/girl-crush-members-profile/
Girl’s Day,https://kprofiles.com/girls-day-profile/
Girls’ World,https://kprofiles.com/girls-world-members-profile/
Girls’ Alert,https://kprofiles.com/girls-alert-members-profile/
Girls’ Generation,https://kprofiles.com/girls-generation-snsd-members-profile/
Girls’ Generation-TTS,https://kprofiles.com/girls-generation-tts-profile/
Girls Next Door,https://kprofiles.com/girls-next-door-profile/
Girls On Top,https://kprofiles.com/girls-on-top-members-profile/
GG,https://kprofiles.com/posh-girls-members-profile/
Global Icon,https://kprofiles.com/global-icon-members-profile/
GLX,https://kprofiles.com/glx-members-profile/
Golden Girls,https://kprofiles.com/golden-girls-members-profile/
H1-KEY,https://kprofiles.com/h1-key-members-profile/
Half Moon,https://kprofiles.com/half-moon-members-profile/
HANA,https://kprofiles.com/hana-members-profile/
HARANA,https://kprofiles.com/harana-members-profile/
Hashtag,https://kprofiles.com/hashtag-members-profile/
HeyMiss,https://kprofiles.com/heymiss-members-profile/
HHH,https://kprofiles.com/hhh-members-profile/
Hi-L,https://kprofiles.com/hi-l-members-profile/
Holly Queen,https://kprofiles.com/holly-queen-members-profile/
HONEY POPCORN,https://kprofiles.com/honey-popcorn-members-profile/
HoneyBees,https://kprofiles.com/honeybees-profile-and-facts/
HOOK,https://kprofiles.com/hook-dance-team-profile-and-facts/
I’LL-IT,https://kprofiles.com/ill-it-members-profile/
ICE CREAM,https://kprofiles.com/ice-cream-members-profile/
ICHILLIN’,https://kprofiles.com/ichillin-members-profile/
ICU,https://kprofiles.com/icu-members-profile/
If Enough,https://kprofiles.com/if-enough-members-profile/
iii,https://kprofiles.com/iii-members-profile/
IITERNITI,https://kprofiles.com/eternity-members-profile/
ikling,https://kprofiles.com/ikling-members-profile/
ILY:1,https://kprofiles.com/ily1-members-profile/
Inter Girls,https://kprofiles.com/inter-girls-members-profile/
IRRIS,https://kprofiles.com/irris-members-profile/
ISEGYE IDOL,https://kprofiles.com/isegye-idol-members-profile/
I-LAND 2 GIRLZ,https://kprofiles.com/i-land-2-girlz-members-profile/
ITZY,https://kprofiles.com/itzy-members-profile-2/
IVE,https://kprofiles.com/ive-members-profile-2/
January,https://kprofiles.com/january-members-profile/
JTBC “Girls on Fire” FINAL LINEUP,https://kprofiles.com/jtbc-girls-on-fire-final-lineup-members-profile/
JiSaHyun,https://kprofiles.com/jisahyun-twice-special-sub-unit-members-profile/
JWIN GIRLS,https://kprofiles.com/jwin-girls-members-profile/
JX,https://kprofiles.com/jxenm-girls-profile/
K/DA,https://kprofiles.com/kda-members-profile/
KAMBI,https://kprofiles.com/kambi-members-profile/
Kamisama Desu Ka?,https://kprofiles.com/kamisama-desu-ka-members-profile/
Kandis,https://kprofiles.com/kandis-members-profile/
KELT9b,https://kprofiles.com/dmza-members-profile/
Kep1er,https://kprofiles.com/kepler-members-profile-facts/
Kidols,https://kprofiles.com/kidols-members-profile/
KISS OF LIFE,https://kprofiles.com/kiss-of-life-members-profile/
Kizuna Simulation,https://kprofiles.com/kizuna-simulation-members-profile/
Laboum,https://kprofiles.com/laboum-members-profile/
Ladies’ Code,https://kprofiles.com/ladies-code-members-profile/
Lady T,https://kprofiles.com/lady-t-members-profile/
LA FLOR,https://kprofiles.com/la-flor-members-profile/
LALA GIRLS,https://kprofiles.com/lala-girls-members-profile/
LAPILLUS,https://kprofiles.com/lapillus-members-profile/
LAYSHA,https://kprofiles.com/laysha-members-profiles/
LE SSERAFIM,https://kprofiles.com/le-sserafim-members-profile-and-facts/
Lemonade,https://kprofiles.com/lemonade-members-profile-2/
LIGHTSUM,https://kprofiles.com/lightsum-members-profile/
Like Me,https://kprofiles.com/like-members-profile/
LIMELIGHT,https://kprofiles.com/143-girls-profile-facts/
LIPIMOON,https://kprofiles.com/lipimoon-members-profile/
Little Cheer Girl,https://kprofiles.com/little-cheer-girl-members-profile/
Live High,https://kprofiles.com/live-high-members-profiles/
LOONA,https://kprofiles.com/loona-members-profile/
LOONA 1/3,https://kprofiles.com/loona-13-profile-facts/
LOONA Yum Yum Unit,https://kprofiles.com/loona-yum-yum-unit-profile/
ghostwriting,https://ghostwriters-schweiz.com/
LOONA YYXY,https://kprofiles.com/loona-yyxy-profile-facts/
LOONA Odd Eye Circle,https://kprofiles.com/odd-eye-circle-profile/
LOONA Odd Eye Circle⁺,https://kprofiles.com/odd-eye-circle%e2%81%ba-members-profile/
Loossemble,https://kprofiles.com/loossemble-members-profile/
LOVElution,https://kprofiles.com/lovelution-members-profile-facts/
LOVELYPINK,https://kprofiles.com/lovelypink-members-profile/
L.U.B,https://kprofiles.com/l-u-b-members-profile/
Luminous Elf,https://kprofiles.com/luminous-elf-members-profile/
Lusty,https://kprofiles.com/lusty-members-profile/
Magic Girl,https://kprofiles.com/magic-girl-members-profile/
Maka Maka,https://kprofiles.com/maka-maka-members-profile/
MAMAMOO,https://kprofiles.com/mamamoo-members-profile/
MĀRE,https://kprofiles.com/mare-members-profile/
MAVE:,https://kprofiles.com/mave-members-profile/
MayLiz,https://kprofiles.com/mayliz-members-profile/
M.Diva,https://kprofiles.com/m-diva-members-profile/
MEP-C,https://kprofiles.com/mep-c-members-profile/
Midas World Entertainment Trainee Girls,https://kprofiles.com/midas-world-entertainment-trainee-girls/
Midnight,https://kprofiles.com/midnight-good-day-members-profile/
mimiirose,https://kprofiles.com/yes-im-entertainment-girl-group-members-profile/
Mini Little Cheer Girl,https://kprofiles.com/mini-little-cheer-girl-members-profile/
MINIMANI,https://kprofiles.com/minimani-members-profile/
MIRI Girls,https://kprofiles.com/miri-girls-members-profile/
MiSaMo (Twice Sub-Unit),https://kprofiles.com/misamo-twice-j-line/
MISS T,https://kprofiles.com/miss-t-members-profile/
MuuTive,https://kprofiles.com/muutive-members-profile/
My Darling,https://kprofiles.com/darling-profile-facts/
MZ SooChaeHak,https://kprofiles.com/mz-soochaehak-members-profile/
N-DAY,https://kprofiles.com/n-day-members-profile/
N:Dear,https://kprofiles.com/ndear-members-profile/
Natural Unit,https://kprofiles.com/natural-unit-members-profile/
NaMoChae,https://kprofiles.com/namochae-twice-special-sub-unit-members-profile/
Nature,https://kprofiles.com/nature-members-profile/
NEKIRU,https://kprofiles.com/nekiru-members-profile/
NEWJEANS,https://kprofiles.com/newjeans-members-profile-facts/
NextU,https://kprofiles.com/nextu-members-profile/
NMIXX,https://kprofiles.com/nmixx-profile/
Not Friends,https://kprofiles.com/not-friends-loona-unit-profile/
NTORE,https://kprofiles.com/ntore-members-profile/
Odd Eye,https://kprofiles.com/odd-eye-members-profile/
Oh!GG,https://kprofiles.com/ohgg-profile/
OH MY GIRL,https://kprofiles.com/oh-my-girl-members-profile/
Oh My Girl X WJSN X Momoland X Fromis_9,https://kprofiles.com/oh-girl-x-wjsn-x-momoland-x-fromis_9-dance-collab-members-profile-facts/
Oh My Girl Banhana,https://kprofiles.com/oh-girl-banhana/
OKAY Girl Group,https://kprofiles.com/okay-girl-group-members-profile/
Sweet Villian,https://kprofiles.com/sweet-villain-members-profile/
ON1 ROOKIES,https://kprofiles.com/on1-rookies-members-profile/
ON! LIONE!,https://kprofiles.com/on-lione-members-profile/
onair,https://kprofiles.com/st-on-air-members-profile/
ONEST,https://kprofiles.com/onest-members-profile/
ON TOP,https://kprofiles.com/on-top-members-profile/
Pastel Girls,https://kprofiles.com/pastel-girls-members-profile/
Peace,https://kprofiles.com/peace-audition-me-members-profile/
PEACH A!,https://kprofiles.com/peachday-members-profile/
Perfume,https://kprofiles.com/perfume-members-profile-kpop/
PIERCE,https://kprofiles.com/pierce-members-profile/
PINK BLING,https://kprofiles.com/pink-bling-members-profile/
Pink Fantasy,https://kprofiles.com/pink-fantasy-profile/
Pink Fantasy AMOMI,https://kprofiles.com/amomi-profile/
Pink Fantasy SHY,https://kprofiles.com/pinkfantasy-shy-members-profile/
Pink Fantasy X,https://kprofiles.com/pink-fantasy-x-members-profile/
PIXY,https://kprofiles.com/pixy-members-profile/
PLEDIS GIRLS,https://kprofiles.com/pledis-girls-members-profile/
Pocket Girls,https://kprofiles.com/pocket-girls-profile-facts/
Polaris Girls,https://kprofiles.com/polaris-girls-members-profile/
PRECIOUS,https://kprofiles.com/precious-members-profile/
Pride Band,https://kprofiles.com/pride-band-members-profile/
PRIMROSE,https://kprofiles.com/primrose-members-profile/
PRISMA,https://kprofiles.com/unionwaves-girl-group-profile/
PRITTI-G,https://kprofiles.com/pritti-members-profile/
Pritz,https://kprofiles.com/pritz-members-profile/
PROWDMON,https://kprofiles.com/prowdmon-dance-team-members-profile/
Pungdeng-E,https://kprofiles.com/pungdeng-e-members-profile/
Purple,https://kprofiles.com/purple-members-profile/
Purple Beck,https://kprofiles.com/purple-beck-members-profile/
Purple Kiss,https://kprofiles.com/purple-kiss-members-profile/
PURPLE RING,https://kprofiles.com/purple-ring-members-profile/
PUZZLE,https://kprofiles.com/puzzle-members-profile/
Q6IX,https://kprofiles.com/q6ix-members-profile-facts/
Queenz Eye,https://kprofiles.com/queenz-eye-members-profile/
QWER,https://kprofiles.com/qwer-members-profile/
R3PLAY,https://kprofiles.com/r3play-members-profile/
Rabbit or Fox,https://kprofiles.com/rabbit-or-fox-members-profile/
RAMISU,https://kprofiles.com/ramisu-members-profile/
RARE STAGE,https://kprofiles.com/rare-stage-members-profile/
Red Mint,https://kprofiles.com/red-mint-members-profile/
Re:Kids Angel,https://kprofiles.com/rekids-angel-members-profile/
Re:Kids Bloom,https://kprofiles.com/rekids-bloom-members-profile/
Red Velvet,https://kprofiles.com/red-velvet-members-profile/
Refiners,https://kprofiles.com/refiners-members-profile/
RESCENE,https://kprofiles.com/rescene-members-profile/
Rocket Punch,https://kprofiles.com/rocket-punch-members-profile/
Rocking Doll,https://kprofiles.com/rocking-doll-members-profile/
ROLIGHTS,https://kprofiles.com/shot-girl-members-profile/
Rolling Quartz,https://kprofiles.com/rolling-quartz-members-profile/
Rookie,https://kprofiles.com/rookie-member-profile/
Rose Finger,https://kprofiles.com/rose-finger-members-profile/
Rose Queen,https://kprofiles.com/rose-queen-members-profile/
Rumble.G,https://kprofiles.com/rumble-g-members-profile/
RuViChe,https://kprofiles.com/ruviche-members-profile/
S.I.S,https://kprofiles.com/s-s-members-profile/
Saturday,https://kprofiles.com/saturday-members-profile/
Secret Number,https://kprofiles.com/sn-members-profile/
SECOND,https://kprofiles.com/second-members-profile/
Seoulmoon,https://kprofiles.com/seoulmoon-members-profile/
SG GIRLS,https://kprofiles.com/sg-girls-members-profile/
SHADOW,https://kprofiles.com/shadow-members-profile/
Silhouette,https://kprofiles.com/silhouette-members-profile/
SIRENS,https://kprofiles.com/sirens-members-profile/
SKYLE,https://kprofiles.com/skyle-profile/
SONOKI,https://kprofiles.com/sonoki-members-profile/
SOYOU,https://kprofiles.com/soyou-members-profile/
SRZN,https://kprofiles.com/srzn-members-profile/
Ssambak Girls,https://kprofiles.com/ssambak-girls-members-profile/
STARON Girls,https://kprofiles.com/staron-girls-profile-and-facts/
STARSEED’Z,https://kprofiles.com/starseedz-members-profile/
STAYC,https://kprofiles.com/stayc-members-profile/
Sunny Hill,https://kprofiles.com/sunny-hill-members-profile/
SUNOA,https://kprofiles.com/sunoa-members-profile/
Sweet Unit,https://kprofiles.com/sweet-unit-members-profile/
T-Angel,https://kprofiles.com/t-angel-members-profile/
T-Ara,https://kprofiles.com/t-ara-members-profile/
TAPE Unit (Kep1er),https://kprofiles.com/tape-unit-kep1er-members-profile/
THEBLACKLABEL GIRLS,https://kprofiles.com/theblacklabel-girls-members-profile/
THE FIX,https://kprofiles.com/the-fix-members-profile/
The Grace,https://kprofiles.com/grace-profile-facts/
Tier 4,https://kprofiles.com/tier-4-members-profile/
TIM A,https://kprofiles.com/tim-a-members-profile/
TIM B,https://kprofiles.com/tim-b-members-profile/
T.O.P Girls,https://kprofiles.com/t-o-p-girls-members-profile/
TOP GIRL,https://kprofiles.com/top-girl-members-profile/
To Hermitage,https://kprofiles.com/hermitage-members-profile/
TRACER,https://kprofiles.com/tracer-members-profile/
TRI.BE,https://kprofiles.com/tri-be-profile/
TRIPLE IZ,https://kprofiles.com/triple-iz-members-profile/
TripleS,https://kprofiles.com/triples-members-profile-and-facts/
tripleS NXT,https://kprofiles.com/triples-nxt-members-profile/
Tropical Light Unit (Kep1er),https://kprofiles.com/tropical-light-unit-kep1er-members-profile/
Twice,https://kprofiles.com/twice-members-profile/
U.SSO GIRL,https://kprofiles.com/u-sso-girl-members-profile-facts/
UiU,https://kprofiles.com/uiu-members-profile/
UNICODE,https://kprofiles.com/unicode-members-profile/
UNIS,https://kprofiles.com/unis-universe-ticket-members-profile/
UPTOYOU Final Lineup,https://kprofiles.com/uptoyou-final-lineup-members-profile/
Vanilla,https://kprofiles.com/vanilla-members-profile/
VCHA,https://kprofiles.com/vcha-members-profile/
VENUS,https://kprofiles.com/venus-members-profile/
Violet,https://kprofiles.com/violet-members-profile/
Vitamin,https://kprofiles.com/vitamin-members-profile/
ViV,https://kprofiles.com/viv-members-profile/
VIVIZ,https://kprofiles.com/viviz-members-profile/
VVUP,https://kprofiles.com/vvup-members-profile/
Walking After U,https://kprofiles.com/walking-u-members-profile/
WANT,https://kprofiles.com/want-dance-team-profile-facts/
WAYB,https://kprofiles.com/wayb-dance-team-profile-and-facts/
We;Na,https://kprofiles.com/clip-members-profile/
WeavAge,https://kprofiles.com/weavage-members-profile/
Weeekly,https://kprofiles.com/weeekly-members-profile-and-facts/
Weki Meki,https://kprofiles.com/weki-meki-members-profile/
WEUS Girl,https://kprofiles.com/weus-girl-members-profile/
Witchers,https://kprofiles.com/witchers-members-profile/
WITCHES,https://kprofiles.com/witches-profile-and-facts/
WizarD,https://kprofiles.com/wizard-members-profile/
WJSN CHOCOME,https://kprofiles.com/wjsn-chocome-wjsn-members-profile/
WJSN THE BLACK,https://kprofiles.com/wjsn-the-black-members-profile/
WM Entertainment New Girl Group,https://kprofiles.com/wm-entertainment-new-girl-group-members-profile/
Wonder Unit,https://kprofiles.com/wonder-unit-members-profile/
WOO!AH!,https://kprofiles.com/woo-ah-members-profile/
X:IN,https://kprofiles.com/xin-members-profile/
XoX,https://kprofiles.com/xox-members-profile/
YaYaYa,https://kprofiles.com/yayaya-members-profile/
Youngest,https://kprofiles.com/youngest-members-profile-facts/
YOUNG POSSE,https://kprofiles.com/young-posse-members-profile/
YURASAI,https://kprofiles.com/yurasai-members-profile/
